<?xml version="1.0"?>
<ArrayOfDescriptionItem>
  <DescriptionItem>
    <Name>ClassO</Name>
    <Description>Class O type stars are the most luminous and massive main sequence stars in the galaxy. They range in mass from 15 to 90 solar masses and burn very brightly indeed, with a surface temperature reaching 52,000 K so appear very blue. They are very short lived with lifetimes of 1 - 10 million years, ending in supernova.</Description>
    <Planet>false</Planet>
    <Star>true</Star>
  </DescriptionItem>
  <DescriptionItem>
    <Name>ClassB</Name>
    <Description>Class B stars are very luminous blue-white stars. They range in mass from 2 to 16 solar masses and have a surface temperature reaching 30,000 K. Their lifetimes are shorter than most main sequence stars.</Description>
    <Planet>false</Planet>
    <Star>true</Star>
  </DescriptionItem>
  <DescriptionItem>
    <Name>ClassA</Name>
    <Description>Class A stars are hot white or bluish white main sequence stars. They range in mass from 1.4 to 2.1 solar masses and have a surface temperature reaching 10,000 K.</Description>
    <Planet>false</Planet>
    <Star>true</Star>
  </DescriptionItem>
  <DescriptionItem>
    <Name>ClassF</Name>
    <Description>Class F stars are white main sequence stars. They range in mass from 1 to 1.4 solar masses and have a surface temperature reaching 7,600 K.</Description>
    <Planet>false</Planet>
    <Star>true</Star>
  </DescriptionItem>
  <DescriptionItem>
    <Name>ClassG</Name>
    <Description>Class G stars are white-yellow main sequence stars. They range in mass from 0.8 to 1.2 solar masses and have a surface temperature reaching 6,000 K.</Description>
    <Planet>false</Planet>
    <Star>true</Star>
  </DescriptionItem>
  <DescriptionItem>
    <Name>ClassK</Name>
    <Description>Class K stars are yellow-orange main sequence stars with a long and generally stable life. They range in mass from 0.6 to 0.9 solar masses and have a surface temperature reaching 5,000 K.</Description>
    <Planet>false</Planet>
    <Star>true</Star>
  </DescriptionItem>
  <DescriptionItem>
    <Name>ClassM</Name>
    <Description>Class M stars are red stars that form the bulk of the main sequence stars in the galaxy. Their mass is low, as is their surface temperature.</Description>
    <MinimalMatch>bulk galaxy</MinimalMatch>
    <Planet>false</Planet>
    <Star>true</Star>
  </DescriptionItem>
  <DescriptionItem>
    <Name>ClassL</Name>
    <Description>Class L dwarfs are dwarf stars that are cooler than M class stars. They are on the borderline of supporting fusion of hydrogen in their cores, and their temperatures range from 1,300 K to 2,400 K, cool enough to have alkaline metals and metal hydrides in their atmospheres.</Description>
    <MinimalMatch>supporting</MinimalMatch>
    <Planet>false</Planet>
    <Star>true</Star>
  </DescriptionItem>
  <DescriptionItem>
    <Name>ClassT</Name>
    <Description>Class T dwarfs are brown dwarfs with a surface temperature between 700 and 1,300 K. They are sometimes known as Methane Dwarfs due to the prominence of methane in their composition. They are on the borderline between what might be considered a very large gas giant planet and a star.</Description>
    <MinimalMatch>prominence</MinimalMatch>
    <Planet>false</Planet>
    <Star>true</Star>
  </DescriptionItem>
  <DescriptionItem>
    <Name>ClassY</Name>
    <Description>Class Y dwarfs are the coolest of the brown dwarfs. Surface temperatures are less than 700 K, and are effectively very large gas giant planets, with some stellar properties.</Description>
    <MinimalMatch>coolest</MinimalMatch>
    <Planet>false</Planet>
    <Star>true</Star>
  </DescriptionItem>
  <DescriptionItem>
    <Name>ClassTT</Name>
    <Description>T Tauri type stars are very young stars which are in the process of gravitational contraction.</Description>
    <MinimalMatch>coolest</MinimalMatch>
    <Planet>false</Planet>
    <Star>true</Star>
  </DescriptionItem>
  <DescriptionItem>
    <Name>ClassGA</Name>
    <Description>Class A blue-white supergiant star. It is approaching the end of its life and hydrogen burning has stopped in its core, and star has begun expanding towards being red supergiant.</Description>
    <Planet>false</Planet>
    <Star>true</Star>
  </DescriptionItem>
  <DescriptionItem>
    <Name>ClassGF</Name>
    <Description>Class F yellow-white supergiant star. It is approaching the end of its life and hydrogen burning has stopped in its core, and star has begun expanding towards being red supergiant.</Description>
    <Planet>false</Planet>
    <Star>true</Star>
  </DescriptionItem>
  <DescriptionItem>
    <Name>ClassGK</Name>
    <Description>Orange giant stars with spectral type K. Orange giants like this are reaching the end of their lives, and have moved off the main sequence. Hydrogen has stopped fusing in the core, leaving a collapsed core of degenerate helium, and hydrogen burning is taking place in an outer shell as the star continues to expand.</Description>
    <Planet>false</Planet>
    <Star>true</Star>
  </DescriptionItem>
  <DescriptionItem>
    <Name>ClassGM</Name>
    <Description>Red giants are in the latter part of their lives. Hydrogen has stopped fusing in their degenerate helium cores and has moved to an outer shell, causing the star to expand. The outer atmosphere is inflated and tenuous, and the surface temperature is below 5,000 K.</Description>
    <Planet>false</Planet>
    <Star>true</Star>
  </DescriptionItem>
  <DescriptionItem>
    <Name>ClassSGM</Name>
    <Description>Red supergiants are massive stars near the end of their lives. They have entered a helium burning phase, where helium is fused into carbon and oxygen. They have enormous sizes swelling up to many hundred solar diameters - up to 7 AU in some cases. their out reaches can be quite cool - typically 3500-4500 K.</Description>
    <Planet>false</Planet>
    <Star>true</Star>
  </DescriptionItem>
  <DescriptionItem>
    <Name>ClassH</Name>
    <Description>Herbig Ae/Be stars are young stars typically less than 10 million years old with characteristics of either A or B class main sequence stars. They are usually between 2 and 8 solar masses. The mass of the proto-star determines its spectral class when it joins the main sequence.</Description>
    <Planet>false</Planet>
    <Star>true</Star>
  </DescriptionItem>
  <DescriptionItem>
    <Name>ClassW</Name>
    <Description>Wolf-Rayet class stars are massive stars that are nearing the end of their life cycle and have moved out of their hydrogen-burning phase. They were once over 20 solar masses but now shed considerable amounts of material through solar wind. Their surface temperature can reach 200,000 K, so they appear a brilliant blue.</Description>
    <Planet>false</Planet>
    <Star>true</Star>
  </DescriptionItem>
  <DescriptionItem>
    <Name>ClassS</Name>
    <Description>Class S stars are a late-type giant star (similar to class K5–M) whose spectrum displays bands from zirconium oxide, in addition to the titanium oxide bands characteristically exhibited by K and M class giant stars.</Description>
    <Planet>false</Planet>
    <Star>true</Star>
  </DescriptionItem>
  <DescriptionItem>
    <Name>ClassMS</Name>
    <Description>MS class stars are late sequence stars having progressed from the S class stage of their life cycle and heading towards becoming a carbon star, a star nearing the end of its stellar life.</Description>
    <Planet>false</Planet>
    <Star>true</Star>
  </DescriptionItem>
  <DescriptionItem>
    <Name>ClassC</Name>
    <Description>Carbon class stars are stars approaching the end of their life. A carbon star is a late-type star similar to a red giant (or occasionally to a red dwarf) whose atmosphere contains more carbon than oxygen; the two elements combine in the upper layers of the star, forming carbon monoxide, which consumes all the oxygen in the atmosphere, leaving carbon atoms free to form other carbon compounds, giving the star a "sooty" atmosphere and a strikingly ruby red appearance. The surface temperature is rarely higher than 4300 K.</Description>
    <Planet>false</Planet>
    <Star>true</Star>
  </DescriptionItem>
  <DescriptionItem>
    <Name>ClassCN</Name>
    <Description>Class C-N stars are variants of carbon class stars, stars that are approaching the end of their stellar lives as hydrogen fusion begins to stop. They were once K or M type stars that have degenerated to the carbon phase of their life cycle.</Description>
    <Planet>false</Planet>
    <Star>true</Star>
  </DescriptionItem>
  <DescriptionItem>
    <Name>ClassDA</Name>
    <Description>White Dwarf stars are stellar remnants. Nuclear fusion has now ceased, and in the absence of radiation pressure the core has collapsed to a tiny fraction of the diameter of the original star, heating it up greatly before it begins its slow cooling down phase. Surface temperatures are usually between 8,000 K and 40,000K so these stellar remnants are blue-white. Class DA stars are white dwarf stars with a hydrogen rich atmosphere.</Description>
    <Planet>false</Planet>
    <Star>true</Star>
  </DescriptionItem>
  <DescriptionItem>
    <Name>ClassDB</Name>
    <Description>White Dwarf stars are stellar remnants. Nuclear fusion has now ceased, and in the absence of radiation pressure the core has collapsed to a tiny fraction of the diameter of the original star, heating it up greatly before it begins its slow cooling down phase. Surface temperatures are usually between 8,000K and 40,000K so these stellar remnants are blue-white. Class DB stars are white dwarf stars with a helium rich atmosphere with neutral helium emission lines.</Description>
    <Planet>false</Planet>
    <Star>true</Star>
  </DescriptionItem>
  <DescriptionItem>
    <Name>ClassDAB</Name>
    <Description>White Dwarf stars are stellar remnants. Nuclear fusion has now ceased, and in the absence of radiation pressure the core has collapsed to a tiny fraction of the diameter of the original star, heating it up greatly before it begins its slow cooling down phase. Surface temperatures are usually between 8,000K and 40,000K so these stellar remnants are blue-white. Class DAB stars are white dwarf stars with hydrogen and helium rich atmospheres and neutral helium emission lines.</Description>
    <Planet>false</Planet>
    <Star>true</Star>
  </DescriptionItem>
  <DescriptionItem>
    <Name>ClassDC</Name>
    <Description>White Dwarf stars are stellar remnants. Nuclear fusion has now ceased, and in the absence of radiation pressure the core has collapsed to a tiny fraction of the diameter of the original star, heating it up greatly before it begins its slow cooling down phase. Surface temperatures are usually between 8,000K and 40,000K so these stellar remnants are blue-white.</Description>
    <Planet>false</Planet>
    <Star>true</Star>
  </DescriptionItem>
  <DescriptionItem>
    <Name>ClassDCV</Name>
    <Description>White Dwarf stars are stellar remnants. Nuclear fusion has now ceased, and in the absence of radiation pressure the core has collapsed to a tiny fraction of the diameter of the original star, heating it up greatly before it begins its slow cooling down phase. Surface temperatures are usually between 8,000K and 40,000K so these stellar remnants are blue-white. Class DCV stars are white dwarfs with varying luminosity.</Description>
    <Planet>false</Planet>
    <Star>true</Star>
  </DescriptionItem>
  <DescriptionItem>
    <Name>ClassN</Name>
    <Description>Neutron stars are the stellar remnants of massive stars that have reached the end of their lives. Once nuclear fusion was exhausted, the star collapsed into a tiny volume.</Description>
    <Planet>false</Planet>
    <Star>true</Star>
  </DescriptionItem>
  <DescriptionItem>
    <Name>ClassSB</Name>
    <Description>Super massive black holes tend to form when an initial black hole begins to swallow ever more mass, including other black holes. With time they acquire a vast mass and become a key component of the galaxy, with much of the other galactic mass rotating around them, and can be several million solar masses.</Description>
    <Planet>false</Planet>
    <Star>true</Star>
  </DescriptionItem>
  <DescriptionItem>
    <Name>Giant1</Name>
    <Description>Class I or jovian gas giants have primarily hydrogen and helium atmospheres. Coloration comes from clouds in the upper atmosphere of ammonia, water vapour, hydrogen sulphide, phosphine and sulphur. The temperature at the top of their upper cloud layers is typically less than 150 K.</Description>
    <MinimalMatch>jovian</MinimalMatch>
    <Planet>true</Planet>
    <Star>false</Star>
  </DescriptionItem>
  <DescriptionItem>
    <Name>Giant2</Name>
    <Description>Class II gas giants have primarily hydrogen and helium atmospheres. Water vapour in the upper cloud layers gives them a much higher albedo. Their surface temperature is typically up to or around 250 K.</Description>
    <MinimalMatch>albedo</MinimalMatch>
    <Planet>true</Planet>
    <Star>false</Star>
  </DescriptionItem>
  <DescriptionItem>
    <Name>Giant3</Name>
    <Description>Class III gas giants have primarily hydrogen and helium atmospheres without distinctive cloud layers. Their surface temperature typically ranges between 350 K and 800 K. They are primarily blue in colour because of optical scattering in the atmosphere - with the chance of wispy cloud layers from sulphides and chlorides.</Description>
    <MinimalMatch>jovian</MinimalMatch>
    <Planet>true</Planet>
    <Star>false</Star>
  </DescriptionItem>
  <DescriptionItem>
    <Name>Giant4</Name>
    <Description>Class IV gas giants have primarily hydrogen and helium atmospheres with carbon monoxide and upper clouds of alkali metals above lower cloud layers of silicates and iron compounds, hence he brighter colours. The temperature of their upper cloud layers is typically above 900 K.</Description>
    <MinimalMatch>jovian</MinimalMatch>
    <Planet>true</Planet>
    <Star>false</Star>
  </DescriptionItem>
  <DescriptionItem>
    <Name>Giant5</Name>
    <Description>Class V gas giants have primarily hydrogen and helium atmospheres, with thick clouds of silicates and iron compounds, even metallic iron.They are the hottest type of gas giants with temperatures at their upper cloud decks above 1400 K, and much hotter in the lower layers, often emitting a dull glow from the internal heat within.</Description>
    <MinimalMatch>jovian</MinimalMatch>
    <Planet>true</Planet>
    <Star>false</Star>
  </DescriptionItem>
  <DescriptionItem>
    <Name>GiantAL</Name>
    <Description>Gas giant with ammonia-based life. This is primarily a hydrogen and helium-based atmospheric gas giant, but a little below the surface cloud layers, life exists based in the ammonia-cloud layer. The chemistry of this gaseous region is far from equilibrium, with a surprising excess of oxygen and many carbon-based compounds giving it some vivid colours. As with many such gaseous living systems, it is underpinned by vast quantities of free-floating radioplankton - tiny carbon-based algae, each retaining small quantity of liquid ammonia, extracting their energy from the intense radiation flux.</Description>
    <Planet>true</Planet>
    <Star>false</Star>
  </DescriptionItem>
  <DescriptionItem>
    <Name>GiantWL</Name>
    <Description>Gas giant with water-based life. This is primarily a hydrogen and helium based atmospheric gas giant, but not far below the surface exists life based in the water-cloud layer just below the atmospheric surface. The chemistry of this gaseous region is far from equilibrium, with a surprising excess of oxygen and many carbon-based compounds giving it some vivid colours. As with many such gaseous living systems, it is underpinned by vast quantities of free-floating radioplankton - tiny carbon-based algae, each retaining small quantity of liquid water, extracting their energy from the intense radiation flux.</Description>
    <Planet>true</Planet>
    <Star>false</Star>
  </DescriptionItem>
  <DescriptionItem>
    <Name>GiantH</Name>
    <Description>Helium-rich gas giants have a greatly inflated percentage of helium compared to the hydrogen in their atmosphere. Much of their hydrogen has been lost over time because they have insufficient mass to hold on to it. It may also be because temperatures in their past were much higher, driving off the hydrogen at a greater rate.</Description>
    <Planet>true</Planet>
    <Star>false</Star>
  </DescriptionItem>
  <DescriptionItem>
    <Name>GiantW</Name>
    <Description>Water giant. Worlds like this have a large atmosphere made mainly of water vapour. It most likely formed when a large icy body warmed up enough to evaporate a large amount of its surface ice. This would in turn trigger a runaway greenhouse effect leading to a very thick atmosphere made of the evaporated ices.</Description>
    <MinimalMatch>runaway greenhouse</MinimalMatch>
    <Planet>true</Planet>
    <Star>false</Star>
  </DescriptionItem>
  <DescriptionItem>
    <Name>PlanetMR</Name>
    <Description>Metal rich worlds like this have a large metallic core, with plentiful metallic ores even at the surface. In places, especially around areas of past or current volcanism or liquid erosion, some higher metals can be found in their elemental form too. Mining is therefore very efficient, so these worlds are highly valued.</Description>
    <Planet>true</Planet>
    <Star>false</Star>
  </DescriptionItem>
  <DescriptionItem>
    <Name>PlanetM</Name>
    <Description>High metal content world with a metallic core. Worlds like this can have metallic ores near the surface in places, especially around areas of past volcanism.</Description>
    <Planet>true</Planet>
    <Star>false</Star>
  </DescriptionItem>
  <DescriptionItem>
    <Name>PlanetR</Name>
    <Description>Rocky world with little or no surface metal content. Worlds like this have lost most of their volatiles due to past heating, and any metallic content will form a small central core.</Description>
    <MinimalMatch>volatiles</MinimalMatch>
    <Planet>true</Planet>
    <Star>false</Star>
  </DescriptionItem>
  <DescriptionItem>
    <Name>PlanetRI</Name>
    <Description>Rocky ice world. Typically formed in the cooler regions of a star system these worlds have a small metal core and thick rocky mantle with a crust of very deep ice. Geological activity is common in these worlds because of the large quantities of volatiles in the crust, often creating a thin, sometimes seasonal atmosphere.</Description>
    <MinimalMatch>seasonal</MinimalMatch>
    <Planet>true</Planet>
    <Star>false</Star>
  </DescriptionItem>
  <DescriptionItem>
    <Name>PlanetI</Name>
    <Description>Ice world composed mainly of water ice. Worlds like this will not have had much heating in the past, forming in the cooler regions of a star system and have retained many volatiles as solids in their crust.</Description>
    <MinimalMatch>retained</MinimalMatch>
    <Planet>true</Planet>
    <Star>false</Star>
  </DescriptionItem>
  <DescriptionItem>
    <Name>PlanetT</Name>
    <Description>Outdoor world with a human-breathable atmosphere and indigenous life. The atmosphere is far from chemical equilibrium as a result.</Description>
    <MinimalMatch>chemistry</MinimalMatch>
    <Planet>true</Planet>
    <Star>false</Star>
  </DescriptionItem>
  <DescriptionItem>
    <Name>PlanetW</Name>
    <Description>Terrestrial water world with an active water-based chemistry and carbon-water-based life.</Description>
    <MinimalMatch>chemistry</MinimalMatch>
    <Planet>true</Planet>
    <Star>false</Star>
  </DescriptionItem>
  <DescriptionItem>
    <Name>PlanetA</Name>
    <Description>Terrestrial ammonia world with an active ammonia-based chemistry and carbon-ammonia based life.</Description>
    <MinimalMatch>chemistry</MinimalMatch>
    <Planet>true</Planet>
    <Star>false</Star>
  </DescriptionItem>
</ArrayOfDescriptionItem>




























