<?xml version="1.0"?>
<ArrayOfTableItem>
  <TableItem>
    <Name>AGE</Name>
    <Description>AGE:</Description>
    <AllText>false</AllText>
    <Signed>false</Signed>
    <ExcludeUnit>0</ExcludeUnit>
  </TableItem>
  <TableItem>
    <Name>SOLAR_MASSES</Name>
    <Description>SOLAR MASSES</Description>
    <AllText>false</AllText>
    <Signed>false</Signed>
    <ExcludeUnit>0</ExcludeUnit>
  </TableItem>
  <TableItem>
    <Name>SOLAR_RADIUS</Name>
    <Description>SOLAR RADIUS</Description>
    <AllText>false</AllText>
    <Signed>false</Signed>
    <ExcludeUnit>0</ExcludeUnit>
  </TableItem>
  <TableItem>
    <Name>SURFACE_TEMP</Name>
    <Description>SURFACE TEMP:</Description>
    <AllText>false</AllText>
    <Signed>false</Signed>
    <ExcludeUnit>1</ExcludeUnit>
  </TableItem>
  <TableItem>
    <Name>SURFACE_PRESSURE</Name>
    <Description>SURFACE PRESSURE:</Description>
    <AllText>false</AllText>
    <Signed>false</Signed>
    <ExcludeUnit>0</ExcludeUnit>
  </TableItem>
  <TableItem>
    <Name>EARTH_MASSES</Name>
    <Description>EARTH MASSES</Description>
    <AllText>false</AllText>
    <Signed>false</Signed>
    <ExcludeUnit>0</ExcludeUnit>
  </TableItem>
  <TableItem>
    <Name>RADIUS</Name>
    <Description>RADIUS</Description>
    <AllText>false</AllText>
    <Signed>false</Signed>
    <ExcludeUnit>2</ExcludeUnit>
  </TableItem>
  <TableItem>
    <Name>ATMOSPHERE</Name>
    <Description>ATMOSPHERE</Description>
    <AllText>false</AllText>
    <Signed>false</Signed>
    <ExcludeUnit>1</ExcludeUnit>
    <Percentage>true</Percentage>
  </TableItem>
  <TableItem>
    <Name>ORBIT_PERIOD</Name>
    <Description>ORBITAL PERIOD</Description>
    <AllText>false</AllText>
    <Signed>false</Signed>
    <ExcludeUnit>0</ExcludeUnit>
  </TableItem>
  <TableItem>
    <Name>ORBIT_MAJOR</Name>
    <Description>SEMI MAJOR AXIS:</Description>
    <AllText>false</AllText>
    <Signed>false</Signed>
    <ExcludeUnit>2</ExcludeUnit>
  </TableItem>
  <TableItem>
    <Name>ORBIT_ECCENTRICITY</Name>
    <Description>ORBITAL ECCENTRICITY:</Description>
    <AllText>false</AllText>
    <Signed>false</Signed>
    <ExcludeUnit>0</ExcludeUnit>
  </TableItem>
  <TableItem>
    <Name>ORBIT_INCLINATION</Name>
    <Description>ORBITAL INCLINATION:</Description>
    <AllText>false</AllText>
    <Signed>true</Signed>
    <ExcludeUnit>0</ExcludeUnit>
  </TableItem>
  <TableItem>
    <Name>ORBIT_PERIAPSIS</Name>
    <Description>ARG OF PERIAPSIS</Description>
    <AllText>false</AllText>
    <Signed>true</Signed>
    <ExcludeUnit>0</ExcludeUnit>
  </TableItem>
  <TableItem>
    <Name>ROTATION_PERIOD</Name>
    <Description>ROTATIONAL PERIOD:</Description>
    <AllText>false</AllText>
    <Signed>false</Signed>
    <ExcludeUnit>0</ExcludeUnit>
  </TableItem>
  <TableItem>
    <Name>ROTATION_TILT</Name>
    <Description>AXIAL_TILT:</Description>
    <MinimalMatch>AXIAL</MinimalMatch>
    <AllText>false</AllText>
    <Signed>true</Signed>
    <ExcludeUnit>0</ExcludeUnit>
  </TableItem>
  <TableItem>
    <Name>VOLCANISM_TYPE</Name>
    <Description>VOLCANISM:</Description>
    <AllText>true</AllText>
    <Signed>false</Signed>
    <ExcludeUnit>0</ExcludeUnit>
  </TableItem>
  <TableItem>
    <Name>ATMOSPHERE_TYPE</Name>
    <Description>ATMOSPHERE TYPE:</Description>
    <AllText>true</AllText>
    <Signed>false</Signed>
    <ExcludeUnit>0</ExcludeUnit>
  </TableItem>
  <TableItem>
    <Name>COMPOSITION</Name>
    <Description>COMPOSITION</Description>
    <AllText>false</AllText>
    <Signed>false</Signed>
    <ExcludeUnit>1</ExcludeUnit>
    <Percentage>true</Percentage>
  </TableItem>
  <TableItem>
    <Name>ID_HIPP</Name>
    <Description>HIPP:</Description>
    <AllText>false</AllText>
    <Signed>false</Signed>
    <ExcludeUnit>0</ExcludeUnit>
  </TableItem>
  <TableItem>
    <Name>ID_HD</Name>
    <Description>HD:</Description>
    <AllText>false</AllText>
    <Signed>false</Signed>
    <ExcludeUnit>0</ExcludeUnit>
  </TableItem>
  <!-- Belt-Only Items -->
  <TableItem>
    <Name>BELT TYPE:</Name>
    <Description>AGE</Description>
    <AllText>true</AllText>
    <Signed>false</Signed>
    <ExcludeUnit>0</ExcludeUnit>
	<BeltOnly>true</BeltOnly>
  </TableItem>
  <TableItem>
    <Name>BELT_MASS</Name>
    <Description>MASS:</Description>
    <AllText>false</AllText>
    <Signed>false</Signed>
    <ExcludeUnit>0</ExcludeUnit>
	<BeltOnly>true</BeltOnly>
  </TableItem>
  <TableItem>
    <Name>BELT_INNER</Name>
    <Description>INNER RADIUS:</Description>
    <AllText>false</AllText>
    <Signed>false</Signed>
    <ExcludeUnit>2</ExcludeUnit>
	<BeltOnly>true</BeltOnly>
  </TableItem>
  <TableItem>
    <Name>BELT_OUTER</Name>
    <Description>AGE</Description>
    <AllText>false</AllText>
    <Signed>false</Signed>
    <ExcludeUnit>2</ExcludeUnit>
	<BeltOnly>true</BeltOnly>
  </TableItem>
</ArrayOfTableItem>