<?xml version="1.0"?>
<ArrayOfTableItem>
  <TableItem>
    <Name>AGE</Name>
    <Description>AGE:</Description>
    <AllText>false</AllText>
    <NoText>true</NoText>
    <Signed>false</Signed>
    <ExcludeUnit>0</ExcludeUnit>
    <Unit>MY</Unit>
  </TableItem>
  <TableItem>
    <Name>SOLAR_MASSES</Name>
    <Description>SOLAR MASSES</Description>
    <AllText>false</AllText>
    <NoText>true</NoText>
    <Signed>false</Signed>
    <ExcludeUnit>0</ExcludeUnit>
    <Unit>UNITLESS</Unit>
  </TableItem>
  <TableItem>
    <Name>SOLAR_RADIUS</Name>
    <Description>SOLAR RADIUS</Description>
    <AllText>false</AllText>
    <NoText>true</NoText>
    <Signed>false</Signed>
    <ExcludeUnit>0</ExcludeUnit>
    <Unit>UNITLESS</Unit>
  </TableItem>
  <TableItem>
    <Name>SURFACE_TEMP</Name>
    <Description>SURFACE TEMP:</Description>
    <AllText>false</AllText>
    <NoText>true</NoText>
    <Signed>false</Signed>
    <ExcludeUnit>1</ExcludeUnit>
    <Unit>K</Unit>
  </TableItem>
  <TableItem>
    <Name>SURFACE_PRESSURE</Name>
    <Description>SURFACE PRESSURE:</Description>
    <AllText>false</AllText>
    <NoText>true</NoText>
    <Signed>false</Signed>
    <ExcludeUnit>0</ExcludeUnit>
    <Unit>AT</Unit>
  </TableItem>
  <TableItem>
    <Name>EARTH_MASSES</Name>
    <Description>EARTH MASSES</Description>
    <AllText>false</AllText>
    <NoText>true</NoText>
    <Signed>false</Signed>
    <ExcludeUnit>0</ExcludeUnit>
    <Unit>UNITLESS</Unit>
  </TableItem>
  <TableItem>
    <Name>RADIUS</Name>
    <Description>RADIUS</Description>
    <AllText>false</AllText>
    <NoText>true</NoText>
    <Signed>false</Signed>
    <ExcludeUnit>2</ExcludeUnit>
    <Unit>KM</Unit>
  </TableItem>
  <TableItem>
    <Name>GRAVITY</Name>
    <Description>GRAVITY</Description>
    <AllText>false</AllText>
    <NoText>true</NoText>
    <Signed>false</Signed>
    <ExcludeUnit>1</ExcludeUnit>
    <Unit>G</Unit>
  </TableItem>
  <TableItem>
    <Name>ATMOSPHERE</Name>
    <Description>ATMOSPHERE</Description>
    <AllText>false</AllText>
    <NoText>false</NoText>
    <Signed>false</Signed>
    <ExcludeUnit>1</ExcludeUnit>
    <Percentage>true</Percentage>
    <Unit>PERCENT</Unit>
  </TableItem>
  <TableItem>
    <Name>ORBIT_PERIOD</Name>
    <Description>ORBITAL PERIOD</Description>
    <AllText>false</AllText>
    <NoText>true</NoText>
    <Signed>false</Signed>
    <ExcludeUnit>0</ExcludeUnit>
    <Unit>DAYS</Unit>
  </TableItem>
  <TableItem>
    <Name>ORBIT_MAJOR</Name>
    <Description>SEMI MAJOR AXIS:</Description>
    <AllText>false</AllText>
    <NoText>true</NoText>
    <Signed>false</Signed>
    <ExcludeUnit>2</ExcludeUnit>
    <Unit>AU</Unit>
  </TableItem>
  <TableItem>
    <Name>ORBIT_ECCENTRICITY</Name>
    <Description>ORBITAL ECCENTRICITY:</Description>
    <AllText>false</AllText>
    <NoText>true</NoText>
    <Signed>false</Signed>
    <ExcludeUnit>0</ExcludeUnit>
    <Unit>UNITLESS</Unit>
  </TableItem>
  <TableItem>
    <Name>ORBIT_INCLINATION</Name>
    <Description>ORBITAL INCLINATION:</Description>
    <AllText>false</AllText>
    <NoText>true</NoText>
    <Signed>true</Signed>
    <ExcludeUnit>0</ExcludeUnit>
    <Unit>DEGREES</Unit>
  </TableItem>
  <TableItem>
    <Name>ORBIT_PERIAPSIS</Name>
    <Description>ARG OF PERIAPSIS</Description>
    <AllText>false</AllText>
    <NoText>true</NoText>
    <Signed>true</Signed>
    <ExcludeUnit>0</ExcludeUnit>
    <Unit>DEGREES</Unit>
  </TableItem>
  <TableItem>
    <Name>ROTATION_PERIOD</Name>
    <Description>ROTATIONAL PERIOD:</Description>
    <AllText>false</AllText>
    <NoText>false</NoText>
    <Signed>false</Signed>
    <ExcludeUnit>0</ExcludeUnit>
    <Unit>DAYS</Unit>
  </TableItem>
  <TableItem>
    <Name>ROTATION_LOCKED</Name>
    <Description>Tidally Locked:</Description>
    <AllText>true</AllText>
    <NoText>false</NoText>
    <Signed>false</Signed>
    <ExcludeUnit>0</ExcludeUnit>
    <Unit>UNITLESS</Unit>
  </TableItem>
  <TableItem>
    <Name>ROTATION_TILT</Name>
    <Description>AXIAL TILT:</Description>
    <MinimalMatch>TILT</MinimalMatch>
    <AllText>false</AllText>
    <NoText>true</NoText>
    <Signed>true</Signed>
    <ExcludeUnit>0</ExcludeUnit>
    <Unit>DEGREES</Unit>
  </TableItem>
  <TableItem>
    <Name>VOLCANISM_TYPE</Name>
    <Description>VOLCANISM:</Description>
    <AllText>true</AllText>
    <NoText>false</NoText>
    <Signed>false</Signed>
    <ExcludeUnit>0</ExcludeUnit>
    <Unit>LITERAL</Unit>
  </TableItem>
  <TableItem>
    <Name>ATMOSPHERE_TYPE</Name>
    <Description>ATMOSPHERE TYPE:</Description>
    <AllText>true</AllText>
    <NoText>false</NoText>
    <Signed>false</Signed>
    <ExcludeUnit>0</ExcludeUnit>
    <Unit>LITERAL</Unit>
  </TableItem>
  <TableItem>
    <Name>COMPOSITION</Name>
    <Description>COMPOSITION</Description>
    <AllText>false</AllText>
    <NoText>false</NoText>
    <Signed>false</Signed>
    <ExcludeUnit>1</ExcludeUnit>
    <Percentage>true</Percentage>
    <Unit>PERCENT</Unit>
  </TableItem>
  <TableItem>
    <Name>ID_HIPP</Name>
    <Description>HIPP:</Description>
    <AllText>false</AllText>
    <NoText>true</NoText>
    <Signed>false</Signed>
    <ExcludeUnit>0</ExcludeUnit>
    <Unit>UNITLESS</Unit>
  </TableItem>
  <TableItem>
    <Name>ID_HD</Name>
    <Description>HD:</Description>
    <AllText>false</AllText>
    <NoText>true</NoText>
    <Signed>false</Signed>
    <ExcludeUnit>0</ExcludeUnit>
    <Unit>UNITLESS</Unit>
  </TableItem>
  <TableItem>
    <Name>ID_GLIESE</Name>
    <Description>GLIESE:</Description>
    <AllText>false</AllText>
    <NoText>true</NoText>
    <Signed>false</Signed>
    <ExcludeUnit>0</ExcludeUnit>
    <InitialSkip>2</InitialSkip>
    <Unit>UNITLESS</Unit>
  </TableItem>
  <!-- Ring-Only Items -->
  <TableItem>
    <Name>RING_TYPE</Name>
    <Description>BELT TYPE:</Description>
    <AllText>true</AllText>
    <NoText>false</NoText>
    <Signed>false</Signed>
    <ExcludeUnit>0</ExcludeUnit>
    <BeltOnly>true</BeltOnly>
    <Unit>LITERAL</Unit>
  </TableItem>
  <TableItem>
    <Name>RING_TYPE</Name>
    <Description>RING TYPE:</Description>
    <AllText>true</AllText>
    <NoText>false</NoText>
    <Signed>false</Signed>
    <ExcludeUnit>0</ExcludeUnit>
    <BeltOnly>true</BeltOnly>
    <Unit>LITERAL</Unit>
  </TableItem>
  <TableItem>
    <Name>RING_MASS</Name>
    <Description>MASS:</Description>
    <AllText>false</AllText>
    <NoText>true</NoText>
    <Signed>false</Signed>
    <ExcludeUnit>0</ExcludeUnit>
  	<BeltOnly>true</BeltOnly>
    <Unit>MT</Unit>
  </TableItem>
  <TableItem>
    <Name>RING_INNER</Name>
    <Description>INNER RADIUS:</Description>
    <AllText>false</AllText>
    <NoText>true</NoText>
    <Signed>false</Signed>
    <ExcludeUnit>2</ExcludeUnit>
  	<BeltOnly>true</BeltOnly>
    <Unit>KM</Unit>
  </TableItem>
  <TableItem>
    <Name>RING_OUTER</Name>
    <Description>OUTER RADIUS:</Description>
    <AllText>false</AllText>
    <NoText>true</NoText>
    <Signed>false</Signed>
    <ExcludeUnit>2</ExcludeUnit>
	  <BeltOnly>true</BeltOnly>
    <Unit>KM</Unit>
  </TableItem>
  <TableItem>
    <Name>MINING_RESERVES</Name>
    <Description>MINING:</Description>
    <AllText>true</AllText>
    <NoText>false</NoText>
    <Signed>false</Signed>
    <ExcludeUnit>0</ExcludeUnit>
    <Unit>LITERAL</Unit>
  </TableItem>
  <TableItem>
    <Name>TERRAFORMING</Name>
    <Description>TERRAFORMING:</Description>
    <AllText>true</AllText>
    <NoText>false</NoText>
    <Signed>false</Signed>
    <ExcludeUnit>0</ExcludeUnit>
    <Unit>LITERAL</Unit>
  </TableItem>
</ArrayOfTableItem>